# Spark dispatcher responsibility map (#743) — generated by docs/research/v0.23-cleanup/tools/build-responsibilities,
# checked by tests/test-runtime-responsibilities.sh. One row per function in plugins/spark/bin/spark.
#
# responsibility is the issue's vocabulary: argument-parsing, routing-dispatch, source-collection,
# canonicalization, domain-semantics, evidence-authority, formatting-reporting, compatibility-fallback.
# A body that both reads and renders is assigned to the half it owns; the buckets are not disjoint in this code.
#
# function <TAB> responsibility <TAB> body lines <TAB> verbs referencing it <TAB> those verbs (;-separated, or -)
__spark_memo_key	source-collection	8	16	cmd_doctor;cmd_preferences;cmd_brief;cmd_labels;cmd_docs_impact;cmd_reconcile;cmd_course;cmd_triage;cmd_governance;cmd_orient;cmd_hub;cmd_setup;cmd_apply_permissions;cmd_resume;cmd_state;cmd_next
__spark_memo_read	source-collection	17	16	cmd_doctor;cmd_preferences;cmd_brief;cmd_labels;cmd_docs_impact;cmd_reconcile;cmd_course;cmd_triage;cmd_governance;cmd_orient;cmd_hub;cmd_setup;cmd_apply_permissions;cmd_resume;cmd_state;cmd_next
active_in_inventory	canonicalization	4	2	cmd_course;cmd_next
apply_standard	domain-semantics	209	3	cmd_doctor;cmd_preferences;cmd_setup
check_json	source-collection	9	4	cmd_doctor;cmd_orient;cmd_hub;cmd_apply_permissions
check_reference_laziness	domain-semantics	20	1	cmd_doctor
check_release_component_parity	domain-semantics	28	1	cmd_doctor
check_tier_boundary	domain-semantics	30	1	cmd_doctor
classification_drifted	canonicalization	17	3	cmd_brief;cmd_course;cmd_triage
classify_repo	domain-semantics	111	4	cmd_brief;cmd_course;cmd_triage;cmd_orient
cmd_apply_permissions	domain-semantics	156	0	-
cmd_brief	domain-semantics	194	0	-
cmd_course	domain-semantics	147	0	-
cmd_docs_impact	domain-semantics	267	0	-
cmd_doctor	domain-semantics	847	0	-
cmd_footprint	domain-semantics	109	0	-
cmd_governance	domain-semantics	202	0	-
cmd_hub	domain-semantics	60	0	-
cmd_install_git_hooks	domain-semantics	77	0	-
cmd_labels	domain-semantics	273	0	-
cmd_list_skills	domain-semantics	13	0	-
cmd_new_skill	domain-semantics	42	0	-
cmd_next	domain-semantics	328	0	-
cmd_orient	domain-semantics	108	0	-
cmd_preferences	domain-semantics	56	0	-
cmd_profiles	domain-semantics	41	0	-
cmd_reconcile	domain-semantics	103	0	-
cmd_resume	domain-semantics	122	0	-
cmd_setup	domain-semantics	119	0	-
cmd_state	domain-semantics	81	0	-
cmd_triage	domain-semantics	110	0	-
cmd_version	domain-semantics	16	0	-
completed_in_inventory	canonicalization	3	1	cmd_course
completed_milestones	canonicalization	5	1	cmd_course
containers_of	canonicalization	3	1	cmd_next
course_evidence	source-collection	102	1	cmd_course
current_milestone	canonicalization	5	2	cmd_course;cmd_next
di_classify	canonicalization	20	1	cmd_docs_impact
di_evidence_failed	evidence-authority	7	1	cmd_docs_impact
di_exclusive_violated	domain-semantics	8	1	cmd_docs_impact
di_grade	evidence-authority	48	1	cmd_docs_impact
di_linked_prs	source-collection	71	1	cmd_docs_impact
di_pr_paths	source-collection	4	1	cmd_docs_impact
di_release_branch_prefix	source-collection	16	1	cmd_docs_impact
di_release_labels	source-collection	13	1	cmd_docs_impact
di_repo_nwo	source-collection	14	7	cmd_labels;cmd_docs_impact;cmd_reconcile;cmd_course;cmd_triage;cmd_governance;cmd_next
di_report	formatting-reporting	9	1	cmd_docs_impact
di_split_linked	canonicalization	3	1	cmd_docs_impact
di_trunk	source-collection	10	2	cmd_docs_impact;cmd_resume
doctor_requirements	domain-semantics	210	1	cmd_doctor
fp_bytes_lines	source-collection	10	2	cmd_doctor;cmd_footprint
fp_cache_stability	domain-semantics	11	1	cmd_doctor
fp_desc_chars	source-collection	9	2	cmd_doctor;cmd_footprint
fp_files	source-collection	10	2	cmd_doctor;cmd_footprint
fp_footprint_gate	domain-semantics	15	1	cmd_doctor
fp_hot_brief	source-collection	1	1	cmd_footprint
fp_hot_doctor	source-collection	1	1	cmd_footprint
fp_hot_governance	source-collection	1	1	cmd_footprint
fp_hot_guard	source-collection	1	1	cmd_footprint
fp_latency	domain-semantics	31	1	cmd_footprint
fp_median3_ms	source-collection	7	1	cmd_footprint
fp_plugin_bytes	source-collection	12	2	cmd_doctor;cmd_footprint
fp_run_ms	source-collection	7	1	cmd_footprint
gh_blocked_by	source-collection	11	7	cmd_labels;cmd_docs_impact;cmd_reconcile;cmd_course;cmd_triage;cmd_governance;cmd_next
git_root	source-collection	37	16	cmd_doctor;cmd_preferences;cmd_brief;cmd_labels;cmd_docs_impact;cmd_reconcile;cmd_course;cmd_triage;cmd_governance;cmd_orient;cmd_hub;cmd_setup;cmd_apply_permissions;cmd_resume;cmd_state;cmd_next
gov_admissible	evidence-authority	11	2	cmd_governance;cmd_next
gov_cmd_render	formatting-reporting	85	1	cmd_governance
gov_collect	source-collection	129	4	cmd_reconcile;cmd_course;cmd_triage;cmd_governance
gov_cycle_rows	evidence-authority	43	4	cmd_reconcile;cmd_course;cmd_triage;cmd_governance
gov_fallback_desc	compatibility-fallback	6	2	cmd_labels;cmd_governance
gov_file_rows	source-collection	35	7	cmd_doctor;cmd_brief;cmd_reconcile;cmd_course;cmd_triage;cmd_governance;cmd_resume
gov_gate_capture	source-collection	59	4	cmd_reconcile;cmd_course;cmd_triage;cmd_governance
gov_gate_rows	formatting-reporting	9	4	cmd_reconcile;cmd_course;cmd_triage;cmd_governance
gov_issue_rows	source-collection	102	5	cmd_reconcile;cmd_course;cmd_triage;cmd_governance;cmd_next
gov_judgment_rows	evidence-authority	5	6	cmd_doctor;cmd_reconcile;cmd_course;cmd_triage;cmd_governance;cmd_next
gov_label_rows	source-collection	51	6	cmd_doctor;cmd_labels;cmd_reconcile;cmd_course;cmd_triage;cmd_governance
gov_live_labels	source-collection	4	6	cmd_doctor;cmd_labels;cmd_reconcile;cmd_course;cmd_triage;cmd_governance
gov_mechanical_rows	evidence-authority	5	5	cmd_doctor;cmd_course;cmd_triage;cmd_governance;cmd_next
gov_render	formatting-reporting	23	2	cmd_triage;cmd_governance
governance_family_members	canonicalization	4	7	cmd_doctor;cmd_labels;cmd_reconcile;cmd_course;cmd_triage;cmd_governance;cmd_next
governance_family_required	canonicalization	3	1	cmd_next
governance_member_from	canonicalization	4	2	cmd_labels;cmd_governance
governance_operator_model	source-collection	3	10	cmd_doctor;cmd_brief;cmd_labels;cmd_docs_impact;cmd_reconcile;cmd_course;cmd_triage;cmd_governance;cmd_resume;cmd_next
governance_project_model	source-collection	5	10	cmd_doctor;cmd_brief;cmd_labels;cmd_docs_impact;cmd_reconcile;cmd_course;cmd_triage;cmd_governance;cmd_resume;cmd_next
governance_records	source-collection	32	10	cmd_doctor;cmd_brief;cmd_labels;cmd_docs_impact;cmd_reconcile;cmd_course;cmd_triage;cmd_governance;cmd_resume;cmd_next
governance_shipped_model	source-collection	9	10	cmd_doctor;cmd_brief;cmd_labels;cmd_docs_impact;cmd_reconcile;cmd_course;cmd_triage;cmd_governance;cmd_resume;cmd_next
governance_structure_fact	canonicalization	3	5	cmd_reconcile;cmd_course;cmd_triage;cmd_governance;cmd_next
governance_validate	evidence-authority	113	10	cmd_doctor;cmd_brief;cmd_labels;cmd_docs_impact;cmd_reconcile;cmd_course;cmd_triage;cmd_governance;cmd_resume;cmd_next
green	formatting-reporting	1	15	cmd_doctor;cmd_new_skill;cmd_preferences;cmd_labels;cmd_docs_impact;cmd_reconcile;cmd_course;cmd_triage;cmd_governance;cmd_orient;cmd_hub;cmd_install_git_hooks;cmd_setup;cmd_apply_permissions;cmd_state
hub_locator_valid	canonicalization	122	3	cmd_doctor;cmd_brief;cmd_hub
hub_set	domain-semantics	59	1	cmd_hub
intent_liveness	source-collection	17	3	cmd_reconcile;cmd_course;cmd_triage
is_legacy_key	compatibility-fallback	1	2	cmd_resume;cmd_state
issue_refs	canonicalization	18	4	cmd_doctor;cmd_reconcile;cmd_course;cmd_triage
json_escape	formatting-reporting	1	1	cmd_state
leaves_in_inventory	canonicalization	4	1	cmd_course
lint_skill_md	domain-semantics	28	2	cmd_doctor;cmd_new_skill
merge_strategy_known	canonicalization	3	1	cmd_doctor
milestone_inventory	canonicalization	11	2	cmd_course;cmd_next
milestone_snapshot	source-collection	54	2	cmd_course;cmd_next
ms_inventory_of	canonicalization	17	2	cmd_course;cmd_next
next_impl_prs	source-collection	42	1	cmd_next
next_report_impl_prs	formatting-reporting	37	1	cmd_next
next_route	domain-semantics	72	1	cmd_next
next_select	domain-semantics	206	1	cmd_next
now_ms	source-collection	12	1	cmd_footprint
orient_set	domain-semantics	65	2	cmd_orient;cmd_hub
permission_baseline	canonicalization	7	2	cmd_doctor;cmd_apply_permissions
pref_get	source-collection	3	15	cmd_doctor;cmd_preferences;cmd_brief;cmd_labels;cmd_docs_impact;cmd_reconcile;cmd_course;cmd_triage;cmd_governance;cmd_orient;cmd_hub;cmd_setup;cmd_apply_permissions;cmd_resume;cmd_next
prefs_operator_path	source-collection	3	15	cmd_doctor;cmd_preferences;cmd_brief;cmd_labels;cmd_docs_impact;cmd_reconcile;cmd_course;cmd_triage;cmd_governance;cmd_orient;cmd_hub;cmd_setup;cmd_apply_permissions;cmd_resume;cmd_next
prio_show	formatting-reporting	5	1	cmd_next
priority_members	canonicalization	3	1	cmd_next
read_flat_json	source-collection	26	17	cmd_doctor;cmd_preferences;cmd_brief;cmd_labels;cmd_docs_impact;cmd_reconcile;cmd_course;cmd_triage;cmd_governance;cmd_orient;cmd_hub;cmd_profiles;cmd_setup;cmd_apply_permissions;cmd_resume;cmd_state;cmd_next
rec_apply	domain-semantics	122	1	cmd_reconcile
rec_apply_one	domain-semantics	31	1	cmd_reconcile
rec_kind	evidence-authority	10	1	cmd_reconcile
rec_protected_branch	canonicalization	6	2	cmd_reconcile;cmd_course
rec_row	canonicalization	4	2	cmd_reconcile;cmd_course
rec_rows	domain-semantics	144	2	cmd_reconcile;cmd_course
rec_still_present	evidence-authority	3	1	cmd_reconcile
red	formatting-reporting	1	22	cmd_version;cmd_doctor;cmd_new_skill;cmd_preferences;cmd_list_skills;cmd_brief;cmd_labels;cmd_docs_impact;cmd_reconcile;cmd_course;cmd_triage;cmd_governance;cmd_orient;cmd_hub;cmd_install_git_hooks;cmd_profiles;cmd_setup;cmd_apply_permissions;cmd_resume;cmd_footprint;cmd_state;cmd_next
release_gate_label	canonicalization	11	5	cmd_reconcile;cmd_course;cmd_triage;cmd_governance;cmd_next
release_gate_projection	evidence-authority	95	5	cmd_reconcile;cmd_course;cmd_triage;cmd_governance;cmd_next
release_gate_render	formatting-reporting	21	5	cmd_reconcile;cmd_course;cmd_triage;cmd_governance;cmd_next
remote_enforcement_verdict	evidence-authority	47	1	cmd_doctor
repo_classification	source-collection	18	3	cmd_brief;cmd_course;cmd_triage
repo_git_facts	source-collection	11	3	cmd_brief;cmd_course;cmd_triage
repo_manifest_names	source-collection	3	4	cmd_brief;cmd_course;cmd_triage;cmd_orient
repo_open_pr	source-collection	4	1	cmd_brief
repo_recorded_intent	source-collection	9	4	cmd_brief;cmd_reconcile;cmd_course;cmd_triage
repo_trunk	source-collection	14	3	cmd_reconcile;cmd_course;cmd_triage
resolve_governance	canonicalization	118	10	cmd_doctor;cmd_brief;cmd_labels;cmd_docs_impact;cmd_reconcile;cmd_course;cmd_triage;cmd_governance;cmd_resume;cmd_next
resolve_issue_taxonomy	canonicalization	14	7	cmd_doctor;cmd_labels;cmd_reconcile;cmd_course;cmd_triage;cmd_governance;cmd_next
resolve_prefs	canonicalization	59	15	cmd_doctor;cmd_preferences;cmd_brief;cmd_labels;cmd_docs_impact;cmd_reconcile;cmd_course;cmd_triage;cmd_governance;cmd_orient;cmd_hub;cmd_setup;cmd_apply_permissions;cmd_resume;cmd_next
ro_isolate	source-collection	3	0	-
ro_probe	evidence-authority	59	0	-
ro_release	source-collection	4	0	-
ro_snapshot	source-collection	9	0	-
ruleset_required_checks	source-collection	16	1	cmd_doctor
snapshot_unread	evidence-authority	3	2	cmd_course;cmd_next
spark_load_all_modules	routing-dispatch	7	0	-
spark_load_module	routing-dispatch	21	0	-
spark_module_for	routing-dispatch	7	0	-
spark_record_runtime_footprint	routing-dispatch	31	0	-
spark_runtime_source_bytes	routing-dispatch	13	0	-
suborder_of	canonicalization	31	1	cmd_next
taxonomy_label_color	canonicalization	6	1	cmd_labels
taxonomy_label_desc	canonicalization	6	1	cmd_labels
tracked_content_count	source-collection	15	4	cmd_brief;cmd_course;cmd_triage;cmd_orient
triage_rows	source-collection	116	2	cmd_course;cmd_triage
usage	argument-parsing	12	18	cmd_doctor;cmd_new_skill;cmd_preferences;cmd_brief;cmd_labels;cmd_docs_impact;cmd_reconcile;cmd_course;cmd_triage;cmd_governance;cmd_orient;cmd_hub;cmd_profiles;cmd_setup;cmd_apply_permissions;cmd_footprint;cmd_state;cmd_next
yellow	formatting-reporting	1	19	cmd_doctor;cmd_new_skill;cmd_preferences;cmd_brief;cmd_labels;cmd_docs_impact;cmd_reconcile;cmd_course;cmd_triage;cmd_governance;cmd_orient;cmd_hub;cmd_install_git_hooks;cmd_profiles;cmd_setup;cmd_apply_permissions;cmd_resume;cmd_state;cmd_next
